{"cameraMode":{"drawMode":0,"name":"Shaded","section":"Shading Mode"},"sceneLighting":true,"audioPlay":false,"sceneViewState":{"m_AlwaysRefresh":false,"showFog":true,"showSkybox":true,"showFlares":true,"showImageEffects":true,"showParticleSystems":true,"showVisualEffectGraphs":true,"m_FxEnabled":true},"in2DMode":false,"pivot":{"x":-14.626202583312989,"y":1.7808516025543213,"z":-0.7364521026611328},"rotation":{"x":-0.10634181648492813,"y":-0.19812677800655366,"z":0.024005677551031114,"w":-0.9752763509750366},"size":5.096338272094727,"orthographic":false}