{"cameraMode":{"drawMode":0,"name":"Shaded","section":"Shading Mode"},"sceneLighting":true,"audioPlay":false,"sceneViewState":{"m_AlwaysRefresh":false,"showFog":true,"showSkybox":true,"showFlares":true,"showImageEffects":true,"showParticleSystems":true,"showVisualEffectGraphs":true,"m_FxEnabled":true},"in2DMode":false,"pivot":{"x":7.226056098937988,"y":1.5384565591812134,"z":-1.685654640197754},"rotation":{"x":0.046316493302583697,"y":0.5697688460350037,"z":-0.0295804925262928,"w":0.8212763071060181},"size":1.2869962453842164,"orthographic":false}