{"cameraMode":{"drawMode":0,"name":"Shaded","section":"Shading Mode"},"sceneLighting":true,"audioPlay":false,"sceneViewState":{"m_AlwaysRefresh":false,"showFog":true,"showSkybox":true,"showFlares":true,"showImageEffects":true,"showParticleSystems":true,"showVisualEffectGraphs":true,"m_FxEnabled":true},"in2DMode":false,"pivot":{"x":-20.615737915039064,"y":2.2845945358276369,"z":0.6759892106056213},"rotation":{"x":-0.06825990229845047,"y":0.4538615047931671,"z":-0.03453143313527107,"w":-0.8890606164932251},"size":2.1784000396728517,"orthographic":false}