{"cameraMode":{"drawMode":0,"name":"Shaded","section":"Shading Mode"},"sceneLighting":false,"audioPlay":false,"sceneViewState":{"m_AlwaysRefresh":false,"showFog":true,"showSkybox":false,"showFlares":true,"showImageEffects":true,"showParticleSystems":true,"showVisualEffectGraphs":true,"m_FxEnabled":true},"in2DMode":false,"pivot":{"x":-0.1352992057800293,"y":4.698686599731445,"z":0.6708136796951294},"rotation":{"x":0.13117390871047975,"y":-0.7362068891525269,"z":0.14632005989551545,"w":0.6483895182609558},"size":0.8660253882408142,"orthographic":false}